epoch,train_loss,train_acc,f1,recall,val_acc,val_loss
1,0.5421235772094342,76.77112523187434,76.77123862382493,76.77112523187434,50.53678560151563,90.92823767662048
2,0.3976581460899777,83.00509136835458,83.00562138385247,83.00509136835458,54.84685822544995,50.822686195373535
3,0.35016223396917784,85.2883135335675,85.28877558855011,85.2883135335675,62.25134196400379,32.0248486995697
